patient_id,age,sex,group,biomarker,response,followup_days
P001,34,F,control,2.8,0,180
P002,52,M,treatment,4.6,1,210
P003,47,F,control,3.1,0,195
P004,61,M,treatment,5.2,1,240
P005,29,F,control,2.4,0,170
P006,56,F,treatment,4.9,1,225
P007,43,M,control,,0,200
P008,65,F,treatment,5.6,1,260
P009,38,M,control,3.0,0,185
P010,49,F,treatment,4.2,1,215
P011,58,M,control,3.8,0,230
P012,45,F,treatment,4.7,1,205
P013,32,M,control,2.6,0,175
P014,54,F,treatment,,1,220
P015,41,F,control,3.3,0,190
P016,63,M,treatment,5.4,1,250
P017,36,F,control,2.9,0,182
P018,50,M,treatment,4.4,1,218
P019,46,F,control,3.5,0,202
P020,59,F,treatment,5.1,1,238
P021,40,M,control,3.2,0,188
P022,57,M,treatment,4.8,1,228
P023,44,F,control,3.4,0,198
P024,62,F,treatment,5.3,1,245

